#SESSION#,10:18:26,950.000000 MHz (dBm)
10:18:26,-87.398
10:18:36,-86.904
#SESSION#,10:29:18,950.000000 MHz (dBm),952.000000 MHz (dBm)
10:29:18,-87.072,-95.940
10:29:28,-87.115,-95.955
10:29:38,-87.078,-95.954
10:29:48,-87.146,-95.954
10:29:59,-87.149,-96.020
10:30:09,-87.066,-96.082
10:30:19,-87.040,-96.078
10:30:29,-87.080,-96.111
10:30:39,-87.108,-96.135
10:30:49,-87.169,-96.090
#SESSION#,10:42:50,950.000000 MHz (dBm),952.000000 MHz (dBm)
10:42:50,-87.110,-95.914
10:43:00,-87.138,-95.896
10:43:10,-87.083,-95.959
10:43:20,-87.082,-95.934
10:43:30,-87.083,-95.941
10:43:40,-87.104,-95.943
10:43:50,-87.136,-95.945
10:44:00,-87.164,-96.144
10:44:10,-87.184,-96.377
10:44:20,-87.188,-96.596
10:44:30,-87.200,-96.805
10:44:40,-87.206,-97.004
10:44:50,-87.195,-97.194
10:45:00,-87.192,-97.375
10:45:10,-87.203,-97.548
10:45:20,-87.206,-97.714
10:45:30,-87.209,-97.875
10:45:40,-87.228,-98.029
10:45:50,-87.233,-98.171
10:46:00,-87.239,-98.303
10:46:10,-87.228,-98.432
10:46:20,-87.232,-98.554
10:46:30,-87.213,-98.674
10:46:40,-87.226,-98.790
10:46:50,-87.244,-98.902
10:47:01,-87.240,-99.014
10:47:11,-87.249,-99.120
10:47:21,-87.246,-99.225
10:47:31,-87.255,-99.326
10:47:41,-87.271,-99.422
10:47:51,-87.274,-99.518
10:48:01,-87.282,-99.610
10:48:11,-87.277,-99.701
10:48:21,-87.280,-99.789
10:48:31,-87.284,-99.877
10:48:41,-87.290,-99.964
10:48:51,-87.296,-100.048
10:49:01,-87.296,-100.133
10:49:11,-87.296,-100.214
10:49:21,-87.300,-100.293
10:49:31,-87.307,-100.371
10:49:41,-87.312,-100.447
10:49:51,-87.309,-100.521
10:50:01,-87.315,-100.595
10:50:11,-87.317,-100.667
10:50:21,-87.330,-100.739
10:50:31,-87.333,-100.808
10:50:41,-87.334,-100.877
10:50:51,-87.337,-100.945
10:51:01,-87.341,-101.011
10:51:11,-87.349,-101.076
10:51:21,-87.354,-101.140
10:51:31,-87.355,-101.201
10:51:41,-87.352,-101.263
10:51:51,-87.354,-101.324
10:52:02,-87.349,-101.384
10:52:12,-87.356,-101.444
10:52:22,-87.362,-101.502
10:52:32,-87.365,-101.559
10:52:42,-87.369,-101.615
10:52:52,-87.375,-101.671
10:53:02,-87.380,-101.727
10:53:12,-87.376,-101.780
10:53:22,-87.372,-101.833
10:53:32,-87.376,-101.886
10:53:42,-87.380,-101.937
10:53:52,-87.382,-101.987
10:54:02,-87.387,-102.036
10:54:12,-87.385,-102.085
10:54:22,-87.387,-102.134
10:54:32,-87.384,-102.182
10:54:42,-87.380,-102.232
10:54:52,-87.380,-102.278
10:55:02,-87.386,-102.325
10:55:12,-87.393,-102.371
10:55:22,-87.392,-102.417
10:55:32,-87.392,-102.461
10:55:42,-87.398,-102.504
10:55:52,-87.403,-102.547
10:56:02,-87.402,-102.590
10:56:12,-87.405,-102.632
10:56:22,-87.414,-102.674
10:56:32,-87.415,-102.715
10:56:42,-87.421,-102.756
10:56:53,-87.422,-102.796
10:57:03,-87.420,-102.838
10:57:13,-87.421,-102.878
10:57:23,-87.420,-102.917
10:57:33,-87.424,-102.956
10:57:43,-87.425,-102.995
10:57:53,-87.422,-103.034
10:58:03,-87.423,-103.072
10:58:13,-87.423,-103.110
10:58:23,-87.425,-103.148
10:58:33,-87.427,-103.185
10:58:43,-87.427,-103.222
10:58:53,-87.433,-103.258
10:59:03,-87.434,-103.294
10:59:13,-87.426,-103.329
10:59:23,-87.427,-103.364
10:59:33,-87.428,-103.398
10:59:43,-87.436,-103.432
10:59:53,-87.435,-103.465
11:00:03,-87.435,-103.499
11:00:13,-87.439,-103.531
11:00:23,-87.443,-103.564
11:00:33,-87.444,-103.597
11:00:43,-87.446,-103.630
11:00:53,-87.443,-103.663
11:01:03,-87.443,-103.695
11:01:13,-87.442,-103.726
11:01:23,-87.443,-103.756
11:01:33,-87.446,-103.786
11:01:43,-87.445,-103.817
11:01:53,-87.445,-103.848
11:02:03,-87.450,-103.878
11:02:13,-87.451,-103.908
11:02:23,-87.452,-103.938
11:02:33,-87.453,-103.967
11:02:43,-87.454,-103.996
11:02:53,-87.458,-104.025
11:03:03,-87.462,-104.054
11:03:14,-87.457,-104.082
11:03:24,-87.461,-104.111
11:03:34,-87.464,-104.139
11:03:44,-87.462,-104.167
11:03:54,-87.465,-104.196
11:04:04,-87.469,-104.224
11:04:14,-87.466,-104.251
11:04:24,-87.467,-104.277
11:04:34,-87.468,-104.304
11:04:44,-87.468,-104.331
11:04:54,-87.470,-104.357
11:05:04,-87.469,-104.383
11:05:14,-87.471,-104.409
11:05:24,-87.473,-104.434
11:05:34,-87.471,-104.460
11:05:44,-87.472,-104.486
11:05:54,-87.471,-104.510
11:06:04,-87.476,-104.536
11:06:14,-87.477,-104.561
11:06:24,-87.476,-104.585
11:06:34,-87.475,-104.609
11:06:44,-87.475,-104.634
11:06:54,-87.474,-104.658
11:07:04,-87.475,-104.682
11:07:14,-87.475,-104.705
11:07:24,-87.472,-104.729
#SESSION#,11:25:43,950.000000 MHz (dBm),954.000000 MHz (dBm)
11:25:43,-86.926,-96.490
11:25:53,-86.981,-96.427
11:26:03,-86.975,-96.444
11:26:13,-87.037,-96.419
11:26:23,-87.050,-96.412
11:26:33,-87.070,-96.499
11:26:43,-87.171,-96.537
11:26:53,-87.186,-96.567
11:27:03,-87.212,-96.560
11:27:13,-87.218,-96.572
11:27:23,-87.221,-96.604
11:27:33,-87.230,-96.561
11:27:43,-87.268,-96.558
11:27:53,-87.279,-96.520
11:28:03,-87.297,-96.514
11:28:13,-87.279,-96.494
11:28:23,-87.306,-96.478
11:28:33,-87.308,-96.488
11:28:43,-87.319,-96.453
11:28:53,-87.315,-96.455
11:29:03,-87.347,-96.472
11:29:13,-87.348,-96.474
11:29:23,-87.338,-96.479
11:29:33,-87.307,-96.463
11:29:43,-87.300,-96.460
11:29:53,-87.298,-96.449
11:30:03,-87.290,-96.433
11:30:13,-87.294,-96.429
11:30:23,-87.304,-96.436
11:30:33,-87.313,-96.415
11:30:43,-87.332,-96.418
11:30:53,-87.342,-96.418
11:31:03,-87.346,-96.437
11:31:13,-87.360,-96.433
11:31:23,-87.380,-96.417
11:31:33,-87.377,-96.406
11:31:43,-87.379,-96.394
11:31:53,-87.372,-96.398
11:32:03,-87.362,-96.404
11:32:13,-87.366,-96.412
11:32:23,-87.353,-96.409
11:32:33,-87.357,-96.402
11:32:43,-87.362,-96.406
11:32:53,-87.367,-96.417
11:33:03,-87.367,-96.419
11:33:14,-87.374,-96.429
11:33:24,-87.385,-96.427
11:33:34,-87.383,-96.430
11:33:44,-87.390,-96.430
11:33:54,-87.386,-96.417
11:34:04,-87.387,-96.419
11:34:14,-87.384,-96.411
11:34:24,-87.375,-96.417
11:34:34,-87.381,-96.418
11:34:44,-87.387,-96.417
11:34:54,-87.386,-96.425
11:35:04,-87.383,-96.430
11:35:14,-87.381,-96.423
11:35:24,-87.387,-96.422
11:35:34,-87.392,-96.430
11:35:44,-87.395,-96.421
11:35:54,-87.393,-96.423
11:36:04,-87.397,-96.428
11:36:14,-87.392,-96.430
11:36:24,-87.393,-96.430
11:36:34,-87.389,-96.430
11:36:44,-87.386,-96.432
11:36:54,-87.384,-96.431
11:37:04,-87.386,-96.427
11:37:14,-87.388,-96.430
11:37:24,-87.391,-96.424
11:37:34,-87.386,-96.423
11:37:44,-87.389,-96.410
11:37:54,-87.389,-96.415
11:38:04,-87.392,-96.409
11:38:14,-87.394,-96.408
11:38:25,-87.401,-96.408
11:38:35,-87.396,-96.410
11:38:45,-87.394,-96.413
11:38:55,-87.398,-96.413
11:39:05,-87.392,-96.413
11:39:15,-87.396,-96.419
11:39:25,-87.397,-96.414
11:39:35,-87.407,-96.412
11:39:45,-87.409,-96.415
11:39:55,-87.414,-96.413
11:40:05,-87.414,-96.410
11:40:15,-87.415,-96.413
11:40:25,-87.412,-96.418
11:40:35,-87.415,-96.413
11:40:45,-87.418,-96.413
11:40:55,-87.421,-96.411
11:41:05,-87.424,-96.411
11:41:15,-87.425,-96.410
11:41:25,-87.422,-96.412
11:41:35,-87.422,-96.411
11:41:45,-87.420,-96.414
11:41:55,-87.420,-96.411
11:42:05,-87.416,-96.402
11:42:15,-87.418,-96.395
11:42:25,-87.418,-96.393
11:42:35,-87.423,-96.399
11:42:45,-87.429,-96.398
11:42:55,-87.432,-96.397
11:43:05,-87.433,-96.395
11:43:15,-87.438,-96.392
11:43:25,-87.439,-96.393
11:43:35,-87.435,-96.395
11:43:45,-87.431,-96.396
11:43:55,-87.427,-96.395
11:44:05,-87.430,-96.397
11:44:16,-87.432,-96.399
11:44:26,-87.428,-96.402
11:44:36,-87.432,-96.403
11:44:46,-87.434,-96.402
11:44:56,-87.432,-96.407
11:45:06,-87.434,-96.400
11:45:16,-87.435,-96.400
11:45:26,-87.440,-96.399
11:45:36,-87.440,-96.401
11:45:46,-87.442,-96.403
11:45:56,-87.445,-96.403
11:46:06,-87.447,-96.406
11:46:16,-87.451,-96.404
11:46:26,-87.451,-96.402
11:46:36,-87.451,-96.398
11:46:46,-87.451,-96.395
11:46:56,-87.452,-96.397
11:47:06,-87.454,-96.398
11:47:16,-87.456,-96.397
11:47:26,-87.457,-96.400
11:47:36,-87.457,-96.401
11:47:46,-87.459,-96.402
11:47:56,-87.461,-96.395
11:48:06,-87.460,-96.400
11:48:16,-87.464,-96.403
11:48:26,-87.462,-96.403
11:48:36,-87.460,-96.405
11:48:46,-87.459,-96.401
11:48:56,-87.463,-96.400
11:49:06,-87.461,-96.401
11:49:16,-87.462,-96.404
11:49:26,-87.461,-96.402
11:49:36,-87.458,-96.400
11:49:46,-87.460,-96.397
11:49:56,-87.461,-96.398
11:50:07,-87.461,-96.396
11:50:17,-87.461,-96.395
11:50:27,-87.460,-96.397
11:50:37,-87.464,-96.396
11:50:47,-87.464,-96.394
11:50:57,-87.462,-96.395
11:51:07,-87.464,-96.395
11:51:17,-87.465,-96.394
11:51:27,-87.463,-96.395
11:51:37,-87.466,-96.395
11:51:47,-87.463,-96.397
11:51:57,-87.462,-96.399
11:52:07,-87.461,-96.401
11:52:17,-87.460,-96.400
11:52:27,-87.460,-96.401
11:52:37,-87.461,-96.400
11:52:47,-87.460,-96.398
11:52:57,-87.461,-96.400
11:53:07,-87.466,-96.398
11:53:17,-87.467,-96.399
11:53:27,-87.469,-96.402
11:53:37,-87.469,-96.400
11:53:47,-87.471,-96.400
11:53:57,-87.471,-96.398
11:54:07,-87.474,-96.397
11:54:17,-87.476,-96.399
11:54:27,-87.475,-96.398
11:54:37,-87.476,-96.398
11:54:47,-87.476,-96.399
11:54:57,-87.478,-96.399
11:55:07,-87.479,-96.400
11:55:17,-87.482,-96.401
11:55:28,-87.484,-96.403
11:55:38,-87.484,-96.405
11:55:48,-87.485,-96.405
11:55:58,-87.485,-96.404
11:56:08,-87.483,-96.405
11:56:18,-87.483,-96.405
11:56:28,-87.481,-96.405
11:56:38,-87.483,-96.407
11:56:48,-87.484,-96.407
11:56:58,-87.484,-96.406
11:57:08,-87.480,-96.406
11:57:18,-87.481,-96.407
11:57:28,-87.483,-96.409
11:57:38,-87.480,-96.408
11:57:48,-87.481,-96.410
11:57:58,-87.481,-96.413
11:58:08,-87.482,-96.412
11:58:18,-87.483,-96.410
11:58:28,-87.484,-96.412
11:58:38,-87.484,-96.412
11:58:48,-87.485,-96.414
11:58:58,-87.485,-96.413
11:59:08,-87.489,-96.411
11:59:18,-87.488,-96.413
11:59:28,-87.489,-96.410
11:59:38,-87.489,-96.409
11:59:48,-87.490,-96.407
11:59:58,-87.490,-96.406
12:00:08,-87.490,-96.407
12:00:18,-87.493,-96.409
12:00:28,-87.493,-96.406
12:00:39,-87.493,-96.406
12:00:49,-87.493,-96.405
12:00:59,-87.493,-96.402
12:01:09,-87.493,-96.403
12:01:19,-87.495,-96.403
#SESSION#,14:02:04,950.000000 MHz (dBm),956.000000 MHz (dBm)
14:02:04,-86.906,-96.599
14:02:14,-87.327,-96.580
14:02:24,-87.486,-96.665
14:02:34,-87.314,-96.675
14:02:44,-87.322,-96.827
14:02:54,-87.327,-96.788
14:03:04,-87.328,-96.706
14:03:14,-87.343,-96.749
14:03:24,-87.313,-96.780
14:03:34,-87.359,-96.788
14:03:44,-87.366,-96.803
14:03:54,-87.344,-96.776
14:04:04,-87.354,-96.761
14:04:14,-87.331,-96.759
14:04:24,-87.317,-96.791
14:04:34,-87.333,-96.825
14:04:44,-87.365,-96.836
14:04:54,-87.337,-96.839
14:05:04,-87.365,-96.855
14:05:14,-87.379,-96.867
14:05:24,-87.389,-96.875
14:05:34,-87.373,-96.876
14:05:45,-87.385,-96.886
14:05:55,-87.412,-96.883
14:06:05,-87.416,-96.858
14:06:15,-87.416,-96.864
14:06:25,-87.403,-96.880
14:06:35,-87.533,-96.882
14:06:45,-87.685,-96.893
14:06:55,-87.832,-96.897
#SESSION#,14:38:00,956.000000 MHz (dBm)
14:38:00,-102.091
14:38:10,-102.091
14:38:20,-102.089
14:38:30,-102.091
14:38:40,-102.094
14:38:50,-102.086
14:39:00,-102.088
14:39:10,-102.088
14:39:20,-102.087
14:39:30,-102.089
14:39:40,-102.095
14:39:50,-102.100
14:40:00,-102.102
14:40:10,-102.102
14:40:20,-102.108
14:40:30,-102.106
14:40:40,-102.112
14:40:50,-102.112
14:41:00,-102.114
14:41:10,-102.118
14:41:20,-102.118
14:41:30,-102.115
14:41:40,-102.121
14:41:50,-102.120
14:42:00,-102.122
14:42:10,-102.120
14:42:20,-102.119
14:42:30,-102.122
14:42:40,-102.124
14:42:51,-102.123
14:43:01,-102.125
14:43:11,-102.122
14:43:21,-102.121
14:43:31,-102.119
14:43:41,-102.120
14:43:51,-102.120
14:44:01,-102.120
14:44:11,-102.119
14:44:21,-102.119
14:44:31,-102.116
14:44:41,-102.119
14:44:51,-102.120
14:45:01,-102.121
14:45:11,-102.120
14:45:21,-102.121
14:45:31,-102.120
14:45:41,-102.122
14:45:51,-102.126
14:46:01,-102.122
14:46:11,-102.127
14:46:21,-102.127
14:46:31,-102.129
14:46:41,-102.131
14:46:51,-102.131
14:47:01,-102.134
14:47:11,-102.133
14:47:21,-102.137
14:47:31,-102.137
14:47:41,-102.136
14:47:51,-102.140
14:48:01,-102.142
14:48:11,-102.143
14:48:21,-102.142
14:48:31,-102.145
14:48:41,-102.145
14:48:51,-102.143
14:49:02,-102.144
14:49:12,-102.140
14:49:22,-102.139
14:49:32,-102.139
14:49:42,-102.138
14:49:52,-102.138
14:50:02,-102.139
14:50:12,-102.139
14:50:22,-102.140
14:50:32,-102.141
14:50:42,-102.138
14:50:52,-102.137
14:51:02,-102.138
14:51:12,-102.139
14:51:22,-102.139
14:51:32,-102.142
14:51:42,-102.143
14:51:52,-102.142
14:52:02,-102.146
14:52:12,-102.150
14:52:22,-102.154
14:52:32,-102.152
14:52:42,-102.150
14:52:52,-102.151
14:53:02,-102.153
14:53:12,-102.153
14:53:22,-102.152
14:53:32,-102.153
14:53:42,-102.153
14:53:52,-102.157
14:54:02,-102.156
14:54:12,-102.159
14:54:22,-102.158
14:54:32,-102.159
14:54:42,-102.157
14:54:52,-102.155
14:55:02,-102.156
14:55:12,-102.160
14:55:22,-102.162
14:55:32,-102.163
14:55:42,-102.163
14:55:52,-102.163
14:56:02,-102.165
14:56:12,-102.165
14:56:22,-102.164
14:56:32,-102.164
14:56:42,-102.166
14:56:52,-102.166
14:57:02,-102.168
14:57:13,-102.170
14:57:23,-102.173
14:57:33,-102.175
14:57:43,-102.175
14:57:53,-102.176
14:58:03,-102.176
14:58:13,-102.177
14:58:23,-102.178
14:58:33,-102.179
14:58:43,-102.178
14:58:53,-102.176
14:59:03,-102.178
14:59:13,-102.179
14:59:23,-102.178
14:59:33,-102.178
14:59:43,-102.179
14:59:53,-102.177
15:00:03,-102.177
15:00:13,-102.175
15:00:23,-102.177
15:00:33,-102.176
15:00:43,-102.175
15:00:53,-102.176
15:01:03,-102.177
15:01:13,-102.177
15:01:23,-102.179
15:01:33,-102.180
15:01:44,-102.180
15:01:54,-102.182
15:02:04,-102.183
15:02:14,-102.182
15:02:24,-102.183
15:02:34,-102.185
15:02:44,-102.184
15:02:54,-102.183
15:03:04,-102.184
15:03:14,-102.184
15:03:24,-102.184
15:03:34,-102.184
15:03:44,-102.185
15:03:54,-102.185
15:04:04,-102.185
15:04:14,-102.184
15:04:24,-102.184
15:04:34,-102.185
15:04:44,-102.184
15:04:54,-102.185
15:05:04,-102.187
15:05:14,-102.188
15:05:24,-102.189
15:05:34,-102.190
15:05:44,-102.191
15:05:54,-102.191
15:06:04,-102.190
15:06:14,-102.193
15:06:24,-102.193
15:06:34,-102.192
15:06:44,-102.190
15:06:55,-102.193
15:07:05,-102.193
15:07:15,-102.194
15:07:25,-102.192
15:07:35,-102.191
15:07:45,-102.191
15:07:55,-102.190
15:08:05,-102.191
15:08:15,-102.191
15:08:25,-102.191
15:08:35,-102.192
15:08:45,-102.191
15:08:55,-102.189
15:09:05,-102.189
15:09:15,-102.191
15:09:25,-102.190
15:09:35,-102.191
15:09:45,-102.191
15:09:55,-102.192
15:10:05,-102.193
15:10:15,-102.192
15:10:25,-102.192
15:10:35,-102.193
15:10:45,-102.194
15:10:55,-102.194
15:11:05,-102.194
15:11:15,-102.194
15:11:25,-102.192
15:11:35,-102.192
15:11:45,-102.192
15:11:55,-102.192
15:12:05,-102.192
15:12:15,-102.192
15:12:25,-102.191
15:12:35,-102.192
15:12:45,-102.192
15:12:55,-102.192
15:13:06,-102.192
15:13:16,-102.192
15:13:26,-102.193
15:13:36,-102.193
15:13:46,-102.194
15:13:56,-102.195
15:14:06,-102.195
15:14:16,-102.195
15:14:26,-102.195
15:14:36,-102.195
15:14:46,-102.195
15:14:56,-102.195
15:15:06,-102.196
15:15:16,-102.195
15:15:26,-102.196
15:15:36,-102.195
15:15:46,-102.195
15:15:56,-102.197
15:16:06,-102.196
15:16:16,-102.197
15:16:26,-102.195
15:16:36,-102.195
15:16:46,-102.194
15:16:56,-102.194
15:17:06,-102.194
15:17:16,-102.194
15:17:26,-102.195
15:17:36,-102.193
15:17:46,-102.192
15:17:56,-102.192
15:18:06,-102.194
15:18:16,-102.194
15:18:26,-102.195
15:18:36,-102.195
15:18:46,-102.194
15:18:57,-102.194
15:19:07,-102.193
15:19:17,-102.192
15:19:27,-102.193
15:19:37,-102.193
15:19:47,-102.194
15:19:57,-102.195
15:20:07,-102.195
15:20:17,-102.194
15:20:27,-102.193
15:20:37,-102.194
15:20:47,-102.194
15:20:57,-102.192
15:21:07,-102.194
15:21:17,-102.195
15:21:27,-102.195
15:21:37,-102.196
15:21:47,-102.197
15:21:57,-102.197
15:22:07,-102.198
15:22:17,-102.198
15:22:27,-102.198
15:22:37,-102.198
15:22:47,-102.198
15:22:57,-102.199
15:23:07,-102.199
15:23:17,-102.201
15:23:27,-102.200
15:23:37,-102.201
15:23:47,-102.201
15:23:57,-102.201
15:24:07,-102.201
15:24:18,-102.200
15:24:28,-102.201
15:24:38,-102.202
15:24:48,-102.201
15:24:58,-102.200
15:25:08,-102.202
15:25:18,-102.203
15:25:28,-102.203
15:25:38,-102.205
15:25:48,-102.204
15:25:58,-102.204
15:26:08,-102.203
15:26:18,-102.202
15:26:28,-102.203
15:26:38,-102.204
15:26:48,-102.204
15:26:58,-102.204
15:27:08,-102.205
15:27:18,-102.205
15:27:28,-102.205
15:27:38,-102.205
15:27:48,-102.204
15:27:58,-102.204
15:28:08,-102.206
15:28:18,-102.206
15:28:28,-102.205
15:28:38,-102.206
15:28:48,-102.205
15:28:58,-102.206
15:29:08,-102.206
15:29:18,-102.205
15:29:28,-102.206
15:29:38,-102.208
15:29:48,-102.208
15:29:58,-102.209
15:30:09,-102.209
15:30:19,-102.209
15:30:29,-102.209
15:30:39,-102.209
15:30:49,-102.207
15:30:59,-102.207
15:31:09,-102.207
15:31:19,-102.208
15:31:29,-102.207
15:31:39,-102.208
15:31:49,-102.208
15:31:59,-102.208
15:32:09,-102.209
15:32:19,-102.207
15:32:29,-102.207
15:32:39,-102.207
15:32:49,-102.207
15:32:59,-102.208
15:33:09,-102.208
15:33:19,-102.209
15:33:29,-102.210
15:33:39,-102.211
15:33:49,-102.211
15:33:59,-102.211
15:34:09,-102.212
15:34:19,-102.212
15:34:29,-102.212
15:34:39,-102.212
15:34:49,-102.212
15:34:59,-102.212
15:35:09,-102.214
15:35:19,-102.214
15:35:29,-102.214
15:35:39,-102.215
15:35:49,-102.214
15:35:59,-102.215
15:36:09,-102.216
15:36:19,-102.216
15:36:29,-102.216
15:36:39,-102.217
15:36:49,-102.216
15:37:00,-102.216
15:37:10,-102.216
15:37:20,-102.217
15:37:30,-102.215
15:37:40,-102.215
15:37:50,-102.215
15:38:00,-102.223
15:38:10,-102.232
15:38:20,-102.240
15:38:30,-102.248
15:38:40,-102.256
15:38:50,-102.264
15:39:00,-102.273
15:39:10,-102.281
15:39:20,-102.289
15:39:30,-102.298
15:39:40,-102.306
15:39:50,-102.314
15:40:00,-102.322
15:40:10,-102.329
15:40:20,-102.338
15:40:30,-102.346
15:40:40,-102.353
15:40:50,-102.361
15:41:00,-102.369
15:41:11,-102.377
15:41:21,-102.385
15:41:31,-102.393
15:41:41,-102.401
15:41:51,-102.409
15:42:01,-102.417
15:42:11,-102.425
15:42:21,-102.432
15:42:31,-102.441
15:42:41,-102.448
15:42:51,-102.456
15:43:01,-102.464
15:43:11,-102.472
15:43:21,-102.480
15:43:31,-102.488
15:43:41,-102.495
15:43:51,-102.503
15:44:01,-102.510
15:44:11,-102.518
15:44:21,-102.526
15:44:31,-102.533
15:44:41,-102.541
15:44:51,-102.548
15:45:01,-102.556
15:45:12,-102.563
15:45:22,-102.571
15:45:32,-102.579
15:45:42,-102.586
15:45:52,-102.593
15:46:02,-102.601
15:46:12,-102.609
15:46:22,-102.616
15:46:32,-102.624
15:46:42,-102.631
15:46:52,-102.639
15:47:02,-102.646
15:47:12,-102.654
15:47:22,-102.661
15:47:32,-102.668
15:47:42,-102.676
15:47:52,-102.683
15:48:02,-102.690
15:48:12,-102.697
15:48:22,-102.704
15:48:32,-102.712
15:48:42,-102.719
15:48:52,-102.726
15:49:02,-102.733
15:49:12,-102.740
15:49:22,-102.747
15:49:32,-102.754
15:49:42,-102.761
15:49:52,-102.769
15:50:02,-102.776
15:50:12,-102.783
15:50:22,-102.790
15:50:32,-102.797
15:50:42,-102.804
15:50:52,-102.810
15:51:02,-102.818
15:51:12,-102.825
15:51:22,-102.832
15:51:32,-102.839
15:51:42,-102.846
15:51:52,-102.852
15:52:03,-102.859
15:52:13,-102.866
15:52:23,-102.873
15:52:33,-102.880
15:52:43,-102.887
15:52:53,-102.893
15:53:03,-102.900
15:53:13,-102.907
15:53:23,-102.914
15:53:33,-102.921
15:53:43,-102.928
15:53:53,-102.935
15:54:03,-102.941
15:54:13,-102.948
15:54:23,-102.955
15:54:33,-102.962
15:54:43,-102.968
15:54:53,-102.975
15:55:03,-102.982
15:55:13,-102.989
15:55:23,-102.995
15:55:33,-103.002
15:55:43,-103.009
15:55:53,-103.015
15:56:03,-103.022
15:56:13,-103.028
15:56:23,-103.035
15:56:33,-103.042
15:56:43,-103.048
15:56:53,-103.055
15:57:03,-103.062
15:57:14,-103.068
15:57:24,-103.075
15:57:34,-103.082
15:57:44,-103.088
15:57:54,-103.095
15:58:04,-103.101
15:58:14,-103.108
15:58:24,-103.115
15:58:34,-103.121
15:58:44,-103.128
15:58:54,-103.134
15:59:04,-103.141
15:59:14,-103.147
15:59:24,-103.154
15:59:34,-103.160
15:59:44,-103.167
15:59:54,-103.173
16:00:04,-103.179
16:00:14,-103.186
16:00:24,-103.192
16:00:34,-103.199
16:00:44,-103.205
16:00:54,-103.211
16:01:04,-103.218
16:01:14,-103.224
16:01:24,-103.230
16:01:34,-103.237
16:01:44,-103.243
16:01:54,-103.249
16:02:04,-103.255
16:02:14,-103.261
16:02:25,-103.267
16:02:35,-103.274
16:02:45,-103.280
16:02:55,-103.286
16:03:05,-103.292
16:03:15,-103.299
16:03:25,-103.305
16:03:35,-103.311
16:03:45,-103.317
16:03:55,-103.323
16:04:05,-103.329
16:04:15,-103.335
16:04:25,-103.341
16:04:35,-103.347
16:04:45,-103.354
16:04:55,-103.359
16:05:05,-103.366
16:05:15,-103.372
16:05:25,-103.378
16:05:35,-103.384
16:05:45,-103.389
16:05:55,-103.396
16:06:05,-103.402
16:06:15,-103.408
16:06:25,-103.414
16:06:35,-103.420
16:06:45,-103.426
16:06:56,-103.432
16:07:06,-103.438
16:07:16,-103.444
16:07:26,-103.450
16:07:36,-103.456
16:07:46,-103.462
16:07:56,-103.468
16:08:06,-103.473
16:08:16,-103.479
16:08:26,-103.485
16:08:36,-103.491
16:08:46,-103.496
16:08:56,-103.502
16:09:06,-103.508
16:09:16,-103.513
16:09:26,-103.519
16:09:36,-103.525
16:09:46,-103.531
16:09:56,-103.537
16:10:06,-103.543
16:10:16,-103.548
16:10:26,-103.554
16:10:37,-103.560
16:10:47,-103.566
16:10:57,-103.571
16:11:07,-103.577
16:11:17,-103.583
16:11:27,-103.589
16:11:37,-103.594
16:11:47,-103.600
16:11:57,-103.605
16:12:07,-103.611
16:12:17,-103.617
16:12:27,-103.622
16:12:37,-103.628
16:12:47,-103.634
16:12:57,-103.639
16:13:07,-103.645
16:13:17,-103.650
16:13:27,-103.656
16:13:37,-103.661
16:13:47,-103.667
16:13:57,-103.672
16:14:07,-103.678
16:14:17,-103.683
16:14:27,-103.689
16:14:37,-103.694
16:14:47,-103.700
16:14:57,-103.705
16:15:08,-103.711
16:15:18,-103.716
16:15:28,-103.722
16:15:38,-103.727
16:15:48,-103.732
16:15:58,-103.738
16:16:08,-103.743
16:16:18,-103.749
16:16:28,-103.754
16:16:38,-103.759
16:16:48,-103.765
16:16:58,-103.770
16:17:08,-103.775
16:17:18,-103.781
16:17:28,-103.786
16:17:38,-103.791
16:17:48,-103.797
16:17:58,-103.802
16:18:08,-103.807
16:18:18,-103.813
16:18:28,-103.818
16:18:38,-103.823
16:18:48,-103.828
16:18:58,-103.834
16:19:08,-103.839
16:19:18,-103.844
16:19:28,-103.850
16:19:38,-103.855
16:19:48,-103.860
16:19:58,-103.865
16:20:08,-103.870
16:20:18,-103.875
16:20:28,-103.881
16:20:38,-103.886
16:20:48,-103.891
16:20:58,-103.896
16:21:09,-103.901
16:21:19,-103.906
16:21:29,-103.911
16:21:39,-103.916
16:21:49,-103.921
16:21:59,-103.926
16:22:09,-103.932
16:22:19,-103.937
16:22:29,-103.942
16:22:39,-103.947
16:22:49,-103.952
16:22:59,-103.957
16:23:09,-103.962
16:23:19,-103.967
16:23:29,-103.972
16:23:39,-103.977
16:23:49,-103.982
16:23:59,-103.987
16:24:09,-103.992
16:24:19,-103.997
16:24:29,-104.002
16:24:39,-104.007
16:24:49,-104.012
16:24:59,-104.016
16:25:09,-104.021
16:25:19,-104.026
16:25:29,-104.031
16:25:40,-104.036
16:25:50,-104.041
16:26:00,-104.046
16:26:10,-104.051
16:26:20,-104.056
16:26:30,-104.061
16:26:40,-104.066
16:26:50,-104.070
16:27:00,-104.075
16:27:10,-104.080
16:27:20,-104.085
16:27:30,-104.090
16:27:40,-104.095
16:27:50,-104.099
16:28:00,-104.104
16:28:10,-104.109
16:28:20,-104.113
16:28:30,-104.118
16:28:40,-104.123
16:28:50,-104.128
16:29:00,-104.132
16:29:10,-104.137
16:29:20,-104.142
16:29:30,-104.146
16:29:40,-104.151
16:29:50,-104.156
16:30:00,-104.161
16:30:10,-104.165
16:30:20,-104.170
16:30:30,-104.175
16:30:40,-104.179
16:30:50,-104.184
16:31:01,-104.189
16:31:11,-104.194
16:31:21,-104.198
16:31:31,-104.203
16:31:41,-104.208
16:31:51,-104.212
16:32:01,-104.217
16:32:11,-104.222
16:32:21,-104.226
16:32:31,-104.231
16:32:41,-104.236
16:32:51,-104.240
16:33:01,-104.245
16:33:11,-104.249
16:33:21,-104.254
16:33:31,-104.259
16:33:41,-104.263
16:33:51,-104.268
16:34:01,-104.273
16:34:11,-104.277
16:34:21,-104.282
16:34:32,-104.286
16:34:42,-104.291
16:34:52,-104.295
16:35:02,-104.300
16:35:12,-104.305
16:35:22,-104.310
16:35:32,-104.315
16:35:42,-104.320
16:35:52,-104.325
16:36:02,-104.329
16:36:12,-104.334
16:36:22,-104.339
16:36:32,-104.344
16:36:42,-104.349
16:36:52,-104.353
16:37:02,-104.358
16:37:12,-104.363
16:37:22,-104.368
16:37:32,-104.372
16:37:42,-104.377
16:37:52,-104.382
16:38:02,-104.387
16:38:12,-104.391
16:38:22,-104.396
16:38:32,-104.401
16:38:42,-104.406
16:38:52,-104.410
16:39:02,-104.415
16:39:12,-104.420
16:39:23,-104.425
16:39:33,-104.429
16:39:43,-104.434
16:39:53,-104.439
16:40:03,-104.443
16:40:13,-104.448
16:40:23,-104.453
16:40:33,-104.457
16:40:43,-104.462
16:40:53,-104.467
16:41:03,-104.471
16:41:13,-104.476
16:41:23,-104.481
16:41:33,-104.485
16:41:43,-104.490
16:41:53,-104.494
16:42:03,-104.499
16:42:13,-104.503
16:42:23,-104.508
16:42:33,-104.513
16:42:43,-104.517
16:42:53,-104.522
16:43:03,-104.526
16:43:13,-104.531
16:43:23,-104.535
16:43:33,-104.540
16:43:43,-104.544
16:43:53,-104.549
16:44:03,-104.553
16:44:13,-104.558
16:44:23,-104.563
16:44:33,-104.567
16:44:43,-104.572
16:44:54,-104.576
16:45:04,-104.581
16:45:14,-104.585
16:45:24,-104.589
16:45:34,-104.594
16:45:44,-104.598
16:45:54,-104.603
16:46:04,-104.607
16:46:14,-104.612
16:46:24,-104.616
16:46:34,-104.621
16:46:44,-104.625
16:46:54,-104.629
16:47:04,-104.634
16:47:14,-104.638
16:47:24,-104.643
16:47:34,-104.647
16:47:44,-104.651
16:47:54,-104.656
16:48:04,-104.660
16:48:14,-104.664
16:48:24,-104.669
16:48:34,-104.673
16:48:44,-104.678
16:48:54,-104.682
16:49:04,-104.686
16:49:14,-104.691
16:49:24,-104.695
16:49:34,-104.699
16:49:44,-104.704
16:49:54,-104.708
16:50:04,-104.712
16:50:14,-104.717
16:50:25,-104.721
16:50:35,-104.725
16:50:45,-104.730
16:50:55,-104.734
16:51:05,-104.738
16:51:15,-104.742
16:51:25,-104.747
16:51:35,-104.751
16:51:45,-104.755
16:51:55,-104.759
16:52:05,-104.764
16:52:15,-104.768
16:52:25,-104.772
16:52:35,-104.776
16:52:45,-104.781
16:52:55,-104.785
16:53:05,-104.789
16:53:15,-104.793
16:53:25,-104.798
16:53:35,-104.802
16:53:45,-104.806
16:53:55,-104.810
16:54:05,-104.814
16:54:15,-104.818
16:54:25,-104.822
16:54:35,-104.827
16:54:45,-104.831
16:54:55,-104.835
16:55:05,-104.839
16:55:15,-104.843
16:55:25,-104.847
16:55:36,-104.852
16:55:46,-104.856
16:55:56,-104.860
16:56:06,-104.864
16:56:16,-104.868
16:56:26,-104.872
16:56:36,-104.876
16:56:46,-104.880
16:56:56,-104.884
16:57:06,-104.888
16:57:16,-104.892
16:57:26,-104.896
16:57:36,-104.900
16:57:46,-104.905
16:57:56,-104.909
16:58:06,-104.913
16:58:16,-104.917
16:58:26,-104.921
16:58:36,-104.925
16:58:46,-104.929
16:58:56,-104.933
16:59:06,-104.937
16:59:16,-104.941
16:59:26,-104.945
16:59:36,-104.949
16:59:46,-104.953
16:59:56,-104.957
17:00:06,-104.961
17:00:16,-104.965
17:00:26,-104.969
17:00:36,-104.973
17:00:46,-104.977
17:00:56,-104.981
17:01:06,-104.985
17:01:16,-104.988
17:01:26,-104.992
17:01:36,-104.996
17:01:47,-105.000
17:01:57,-105.004
17:02:07,-105.008
17:02:17,-105.012
17:02:27,-105.016
17:02:37,-105.020
17:02:47,-105.024
17:02:57,-105.028
17:03:07,-105.032
17:03:17,-105.036
17:03:27,-105.039
17:03:37,-105.043
17:03:47,-105.047
17:03:57,-105.051
17:04:07,-105.055
17:04:17,-105.059
17:04:27,-105.063
17:04:37,-105.066
17:04:47,-105.070
17:04:57,-105.074
17:05:07,-105.078
17:05:17,-105.082
17:05:27,-105.085
17:05:37,-105.089
17:05:47,-105.093
17:05:57,-105.097
17:06:07,-105.101
17:06:17,-105.104
17:06:27,-105.108
17:06:37,-105.112
17:06:48,-105.116
17:06:58,-105.120
17:07:08,-105.124
17:07:18,-105.127
17:07:28,-105.131
17:07:38,-105.135
17:07:48,-105.138
17:07:58,-105.142
17:08:08,-105.146
17:08:18,-105.150
17:08:28,-105.153
17:08:38,-105.157
17:08:48,-105.161
17:08:58,-105.165
17:09:08,-105.168
17:09:18,-105.172
17:09:28,-105.176
17:09:38,-105.180
17:09:48,-105.183
17:09:58,-105.187
17:10:08,-105.191
17:10:18,-105.194
17:10:28,-105.198
17:10:38,-105.202
17:10:48,-105.205
17:10:59,-105.209
17:11:09,-105.213
17:11:19,-105.217
17:11:29,-105.220
17:11:39,-105.224
17:11:49,-105.227
17:11:59,-105.231
17:12:09,-105.235
17:12:19,-105.238
17:12:29,-105.242
17:12:39,-105.246
17:12:49,-105.249
17:12:59,-105.253
17:13:09,-105.256
17:13:19,-105.260
17:13:29,-105.264
17:13:39,-105.267
17:13:49,-105.271
17:13:59,-105.274
17:14:09,-105.278
17:14:19,-105.281
17:14:29,-105.285
17:14:39,-105.289
17:14:49,-105.292
17:14:59,-105.296
17:15:09,-105.299
17:15:19,-105.303
17:15:29,-105.306
17:15:39,-105.310
17:15:49,-105.313
17:15:59,-105.317
17:16:09,-105.320
17:16:19,-105.324
17:16:29,-105.327
17:16:39,-105.331
17:16:49,-105.335
17:17:00,-105.338
17:17:10,-105.342
17:17:20,-105.345
17:17:30,-105.348
17:17:40,-105.352
17:17:50,-105.355
17:18:00,-105.359
17:18:10,-105.362
17:18:20,-105.366
17:18:30,-105.369
17:18:40,-105.373
17:18:50,-105.376
17:19:00,-105.379
17:19:10,-105.383
17:19:20,-105.386
17:19:30,-105.390
17:19:40,-105.393
17:19:50,-105.397
17:20:00,-105.400
17:20:10,-105.404
17:20:20,-105.407
17:20:30,-105.411
17:20:40,-105.414
17:20:50,-105.417
17:21:00,-105.421
17:21:10,-105.424
17:21:20,-105.428
17:21:30,-105.431
